PLOTID,LAT,LON
0,719792.5346504033,-946952.8498986461
3,714792.5346504033,-941952.8498986461
4,719792.5346504033,-941952.8498986461
5,724792.5346504033,-941952.8498986461
8,714792.5346504033,-936952.8498986461
9,719792.5346504033,-936952.8498986461
10,724792.5346504033,-936952.8498986461
11,729792.5346504033,-936952.8498986461
15,714792.5346504033,-931952.8498986461
16,719792.5346504033,-931952.8498986461
17,724792.5346504033,-931952.8498986461
18,729792.5346504033,-931952.8498986461
19,734792.5346504033,-931952.8498986461
21,704792.5346504033,-926952.8498986461
22,709792.5346504033,-926952.8498986461
23,714792.5346504033,-926952.8498986461
24,719792.5346504033,-926952.8498986461
25,724792.5346504033,-926952.8498986461
26,729792.5346504033,-926952.8498986461
28,704792.5346504033,-921952.8498986461
29,709792.5346504033,-921952.8498986461
30,714792.5346504033,-921952.8498986461
31,719792.5346504033,-921952.8498986461
32,724792.5346504033,-921952.8498986461
35,704792.5346504033,-916952.8498986461
36,709792.5346504033,-916952.8498986461
37,714792.5346504033,-916952.8498986461
38,719792.5346504033,-916952.8498986461
39,724792.5346504033,-916952.8498986461
40,729792.5346504033,-916952.8498986461
41,699792.5346504032,-911952.8498986461
42,704792.5346504033,-911952.8498986461
43,709792.5346504033,-911952.8498986461
44,714792.5346504033,-911952.8498986461
45,719792.5346504033,-911952.8498986461
46,724792.5346504033,-911952.8498986461
47,729792.5346504033,-911952.8498986461
48,734792.5346504033,-911952.8498986461
51,699792.5346504032,-906952.8498986461
52,704792.5346504033,-906952.8498986461
53,709792.5346504033,-906952.8498986461
54,714792.5346504033,-906952.8498986461
55,719792.5346504033,-906952.8498986461
56,724792.5346504033,-906952.8498986461
57,729792.5346504033,-906952.8498986461
58,734792.5346504033,-906952.8498986461
59,739792.5346504033,-906952.8498986461
61,694792.5346504032,-901952.8498986461
62,699792.5346504032,-901952.8498986461
63,704792.5346504033,-901952.8498986461
64,709792.5346504033,-901952.8498986461
65,714792.5346504033,-901952.8498986461
66,719792.5346504033,-901952.8498986461
67,724792.5346504033,-901952.8498986461
68,729792.5346504033,-901952.8498986461
69,734792.5346504033,-901952.8498986461
70,739792.5346504033,-901952.8498986461
71,744792.5346504033,-901952.8498986461
74,699792.5346504032,-896952.8498986461
75,704792.5346504033,-896952.8498986461
76,709792.5346504033,-896952.8498986461
77,714792.5346504033,-896952.8498986461
78,719792.5346504033,-896952.8498986461
79,724792.5346504033,-896952.8498986461
80,729792.5346504033,-896952.8498986461
81,734792.5346504033,-896952.8498986461
82,739792.5346504033,-896952.8498986461
83,744792.5346504033,-896952.8498986461
84,749792.5346504033,-896952.8498986461
89,699792.5346504032,-891952.8498986461
90,704792.5346504033,-891952.8498986461
91,709792.5346504033,-891952.8498986461
92,714792.5346504033,-891952.8498986461
93,719792.5346504033,-891952.8498986461
94,724792.5346504033,-891952.8498986461
95,729792.5346504033,-891952.8498986461
96,734792.5346504033,-891952.8498986461
97,739792.5346504033,-891952.8498986461
98,744792.5346504033,-891952.8498986461
99,749792.5346504033,-891952.8498986461
100,754792.5346504033,-891952.8498986461
101,759792.5346504033,-891952.8498986461
102,764792.5346504033,-891952.8498986461
104,699792.5346504032,-886952.8498986461
105,704792.5346504033,-886952.8498986461
106,709792.5346504033,-886952.8498986461
107,714792.5346504033,-886952.8498986461
108,719792.5346504033,-886952.8498986461
109,724792.5346504033,-886952.8498986461
110,729792.5346504033,-886952.8498986461
111,734792.5346504033,-886952.8498986461
112,739792.5346504033,-886952.8498986461
113,744792.5346504033,-886952.8498986461
114,749792.5346504033,-886952.8498986461
115,754792.5346504033,-886952.8498986461
116,759792.5346504033,-886952.8498986461
117,764792.5346504033,-886952.8498986461
120,699792.5346504032,-881952.8498986461
121,704792.5346504033,-881952.8498986461
122,709792.5346504033,-881952.8498986461
123,714792.5346504033,-881952.8498986461
124,719792.5346504033,-881952.8498986461
125,724792.5346504033,-881952.8498986461
126,729792.5346504033,-881952.8498986461
127,734792.5346504033,-881952.8498986461
128,739792.5346504033,-881952.8498986461
129,744792.5346504033,-881952.8498986461
130,749792.5346504033,-881952.8498986461
131,754792.5346504033,-881952.8498986461
132,759792.5346504033,-881952.8498986461
133,764792.5346504033,-881952.8498986461
134,769792.5346504033,-881952.8498986461
138,699792.5346504032,-876952.8498986461
139,704792.5346504033,-876952.8498986461
140,709792.5346504033,-876952.8498986461
141,714792.5346504033,-876952.8498986461
142,719792.5346504033,-876952.8498986461
143,724792.5346504033,-876952.8498986461
144,729792.5346504033,-876952.8498986461
145,734792.5346504033,-876952.8498986461
146,739792.5346504033,-876952.8498986461
147,744792.5346504033,-876952.8498986461
148,749792.5346504033,-876952.8498986461
149,754792.5346504033,-876952.8498986461
150,759792.5346504033,-876952.8498986461
151,764792.5346504033,-876952.8498986461
152,769792.5346504033,-876952.8498986461
153,774792.5346504033,-876952.8498986461
157,694792.5346504032,-871952.8498986461
158,699792.5346504032,-871952.8498986461
159,704792.5346504033,-871952.8498986461
160,709792.5346504033,-871952.8498986461
161,714792.5346504033,-871952.8498986461
162,719792.5346504033,-871952.8498986461
163,724792.5346504033,-871952.8498986461
164,729792.5346504033,-871952.8498986461
165,734792.5346504033,-871952.8498986461
166,739792.5346504033,-871952.8498986461
167,744792.5346504033,-871952.8498986461
168,749792.5346504033,-871952.8498986461
169,754792.5346504033,-871952.8498986461
170,759792.5346504033,-871952.8498986461
171,764792.5346504033,-871952.8498986461
172,769792.5346504033,-871952.8498986461
173,774792.5346504033,-871952.8498986461
174,779792.5346504033,-871952.8498986461
177,674792.5346504032,-866952.8498986461
178,679792.5346504032,-866952.8498986461
180,689792.5346504032,-866952.8498986461
181,694792.5346504032,-866952.8498986461
182,699792.5346504032,-866952.8498986461
183,704792.5346504033,-866952.8498986461
184,709792.5346504033,-866952.8498986461
185,714792.5346504033,-866952.8498986461
186,719792.5346504033,-866952.8498986461
187,724792.5346504033,-866952.8498986461
188,729792.5346504033,-866952.8498986461
189,734792.5346504033,-866952.8498986461
190,739792.5346504033,-866952.8498986461
191,744792.5346504033,-866952.8498986461
192,749792.5346504033,-866952.8498986461
193,754792.5346504033,-866952.8498986461
194,759792.5346504033,-866952.8498986461
195,764792.5346504033,-866952.8498986461
196,769792.5346504033,-866952.8498986461
197,774792.5346504033,-866952.8498986461
198,779792.5346504033,-866952.8498986461
201,664792.5346504032,-861952.8498986461
202,669792.5346504032,-861952.8498986461
203,674792.5346504032,-861952.8498986461
204,679792.5346504032,-861952.8498986461
205,684792.5346504032,-861952.8498986461
206,689792.5346504032,-861952.8498986461
207,694792.5346504032,-861952.8498986461
208,699792.5346504032,-861952.8498986461
209,704792.5346504033,-861952.8498986461
210,709792.5346504033,-861952.8498986461
211,714792.5346504033,-861952.8498986461
212,719792.5346504033,-861952.8498986461
213,724792.5346504033,-861952.8498986461
214,729792.5346504033,-861952.8498986461
215,734792.5346504033,-861952.8498986461
216,739792.5346504033,-861952.8498986461
217,744792.5346504033,-861952.8498986461
218,749792.5346504033,-861952.8498986461
219,754792.5346504033,-861952.8498986461
220,759792.5346504033,-861952.8498986461
221,764792.5346504033,-861952.8498986461
222,769792.5346504033,-861952.8498986461
223,774792.5346504033,-861952.8498986461
226,659792.5346504032,-856952.8498986461
227,664792.5346504032,-856952.8498986461
228,669792.5346504032,-856952.8498986461
229,674792.5346504032,-856952.8498986461
230,679792.5346504032,-856952.8498986461
231,684792.5346504032,-856952.8498986461
232,689792.5346504032,-856952.8498986461
233,694792.5346504032,-856952.8498986461
234,699792.5346504032,-856952.8498986461
235,704792.5346504033,-856952.8498986461
236,709792.5346504033,-856952.8498986461
237,714792.5346504033,-856952.8498986461
238,719792.5346504033,-856952.8498986461
239,724792.5346504033,-856952.8498986461
240,729792.5346504033,-856952.8498986461
241,734792.5346504033,-856952.8498986461
242,739792.5346504033,-856952.8498986461
243,744792.5346504033,-856952.8498986461
244,749792.5346504033,-856952.8498986461
245,754792.5346504033,-856952.8498986461
246,759792.5346504033,-856952.8498986461
247,764792.5346504033,-856952.8498986461
248,769792.5346504033,-856952.8498986461
249,774792.5346504033,-856952.8498986461
252,654792.5346504032,-851952.8498986461
253,659792.5346504032,-851952.8498986461
254,664792.5346504032,-851952.8498986461
255,669792.5346504032,-851952.8498986461
256,674792.5346504032,-851952.8498986461
257,679792.5346504032,-851952.8498986461
258,684792.5346504032,-851952.8498986461
259,689792.5346504032,-851952.8498986461
260,694792.5346504032,-851952.8498986461
261,699792.5346504032,-851952.8498986461
262,704792.5346504033,-851952.8498986461
263,709792.5346504033,-851952.8498986461
264,714792.5346504033,-851952.8498986461
265,719792.5346504033,-851952.8498986461
266,724792.5346504033,-851952.8498986461
267,729792.5346504033,-851952.8498986461
268,734792.5346504033,-851952.8498986461
269,739792.5346504033,-851952.8498986461
270,744792.5346504033,-851952.8498986461
271,749792.5346504033,-851952.8498986461
272,754792.5346504033,-851952.8498986461
273,759792.5346504033,-851952.8498986461
274,764792.5346504033,-851952.8498986461
275,769792.5346504033,-851952.8498986461
276,774792.5346504033,-851952.8498986461
277,779792.5346504033,-851952.8498986461
279,654792.5346504032,-846952.8498986461
280,659792.5346504032,-846952.8498986461
281,664792.5346504032,-846952.8498986461
282,669792.5346504032,-846952.8498986461
283,674792.5346504032,-846952.8498986461
284,679792.5346504032,-846952.8498986461
285,684792.5346504032,-846952.8498986461
286,689792.5346504032,-846952.8498986461
287,694792.5346504032,-846952.8498986461
288,699792.5346504032,-846952.8498986461
289,704792.5346504033,-846952.8498986461
290,709792.5346504033,-846952.8498986461
291,714792.5346504033,-846952.8498986461
292,719792.5346504033,-846952.8498986461
293,724792.5346504033,-846952.8498986461
294,729792.5346504033,-846952.8498986461
295,734792.5346504033,-846952.8498986461
296,739792.5346504033,-846952.8498986461
297,744792.5346504033,-846952.8498986461
298,749792.5346504033,-846952.8498986461
299,754792.5346504033,-846952.8498986461
300,759792.5346504033,-846952.8498986461
301,764792.5346504033,-846952.8498986461
302,769792.5346504033,-846952.8498986461
303,774792.5346504033,-846952.8498986461
304,779792.5346504033,-846952.8498986461
320,654792.5346504032,-841952.8498986461
321,659792.5346504032,-841952.8498986461
322,664792.5346504032,-841952.8498986461
323,669792.5346504032,-841952.8498986461
324,674792.5346504032,-841952.8498986461
325,679792.5346504032,-841952.8498986461
326,684792.5346504032,-841952.8498986461
327,689792.5346504032,-841952.8498986461
328,694792.5346504032,-841952.8498986461
329,699792.5346504032,-841952.8498986461
330,704792.5346504033,-841952.8498986461
331,709792.5346504033,-841952.8498986461
332,714792.5346504033,-841952.8498986461
333,719792.5346504033,-841952.8498986461
334,724792.5346504033,-841952.8498986461
335,729792.5346504033,-841952.8498986461
336,734792.5346504033,-841952.8498986461
337,739792.5346504033,-841952.8498986461
338,744792.5346504033,-841952.8498986461
339,749792.5346504033,-841952.8498986461
340,754792.5346504033,-841952.8498986461
341,759792.5346504033,-841952.8498986461
342,764792.5346504033,-841952.8498986461
343,769792.5346504033,-841952.8498986461
344,774792.5346504033,-841952.8498986461
345,779792.5346504033,-841952.8498986461
346,484792.5346504032,-836952.8498986461
347,489792.5346504032,-836952.8498986461
348,494792.5346504032,-836952.8498986461
349,499792.5346504032,-836952.8498986461
350,504792.5346504032,-836952.8498986461
351,509792.5346504032,-836952.8498986461
352,514792.5346504032,-836952.8498986461
353,519792.5346504032,-836952.8498986461
354,524792.5346504032,-836952.8498986461
355,529792.5346504032,-836952.8498986461
356,534792.5346504032,-836952.8498986461
357,539792.5346504032,-836952.8498986461
359,549792.5346504032,-836952.8498986461
360,554792.5346504032,-836952.8498986461
361,559792.5346504032,-836952.8498986461
364,649792.5346504032,-836952.8498986461
365,654792.5346504032,-836952.8498986461
366,659792.5346504032,-836952.8498986461
367,664792.5346504032,-836952.8498986461
368,669792.5346504032,-836952.8498986461
369,674792.5346504032,-836952.8498986461
370,679792.5346504032,-836952.8498986461
371,684792.5346504032,-836952.8498986461
372,689792.5346504032,-836952.8498986461
373,694792.5346504032,-836952.8498986461
374,699792.5346504032,-836952.8498986461
375,704792.5346504033,-836952.8498986461
376,709792.5346504033,-836952.8498986461
377,714792.5346504033,-836952.8498986461
378,719792.5346504033,-836952.8498986461
379,724792.5346504033,-836952.8498986461
380,729792.5346504033,-836952.8498986461
381,734792.5346504033,-836952.8498986461
382,739792.5346504033,-836952.8498986461
383,744792.5346504033,-836952.8498986461
384,749792.5346504033,-836952.8498986461
385,754792.5346504033,-836952.8498986461
386,759792.5346504033,-836952.8498986461
387,764792.5346504033,-836952.8498986461
388,769792.5346504033,-836952.8498986461
389,774792.5346504033,-836952.8498986461
390,779792.5346504033,-836952.8498986461
391,484792.5346504032,-831952.8498986461
392,489792.5346504032,-831952.8498986461
393,494792.5346504032,-831952.8498986461
394,499792.5346504032,-831952.8498986461
395,504792.5346504032,-831952.8498986461
396,509792.5346504032,-831952.8498986461
397,514792.5346504032,-831952.8498986461
398,519792.5346504032,-831952.8498986461
399,524792.5346504032,-831952.8498986461
400,529792.5346504032,-831952.8498986461
401,534792.5346504032,-831952.8498986461
402,539792.5346504032,-831952.8498986461
403,544792.5346504032,-831952.8498986461
404,549792.5346504032,-831952.8498986461
405,554792.5346504032,-831952.8498986461
406,559792.5346504032,-831952.8498986461
412,649792.5346504032,-831952.8498986461
413,654792.5346504032,-831952.8498986461
414,659792.5346504032,-831952.8498986461
415,664792.5346504032,-831952.8498986461
416,669792.5346504032,-831952.8498986461
417,674792.5346504032,-831952.8498986461
418,679792.5346504032,-831952.8498986461
419,684792.5346504032,-831952.8498986461
420,689792.5346504032,-831952.8498986461
421,694792.5346504032,-831952.8498986461
422,699792.5346504032,-831952.8498986461
423,704792.5346504033,-831952.8498986461
424,709792.5346504033,-831952.8498986461
425,714792.5346504033,-831952.8498986461
426,719792.5346504033,-831952.8498986461
427,724792.5346504033,-831952.8498986461
428,729792.5346504033,-831952.8498986461
429,734792.5346504033,-831952.8498986461
430,739792.5346504033,-831952.8498986461
431,744792.5346504033,-831952.8498986461
432,749792.5346504033,-831952.8498986461
433,754792.5346504033,-831952.8498986461
434,759792.5346504033,-831952.8498986461
435,764792.5346504033,-831952.8498986461
436,769792.5346504033,-831952.8498986461
437,774792.5346504033,-831952.8498986461
438,779792.5346504033,-831952.8498986461
443,484792.5346504032,-826952.8498986461
444,489792.5346504032,-826952.8498986461
445,494792.5346504032,-826952.8498986461
446,499792.5346504032,-826952.8498986461
447,504792.5346504032,-826952.8498986461
448,509792.5346504032,-826952.8498986461
449,514792.5346504032,-826952.8498986461
450,519792.5346504032,-826952.8498986461
451,524792.5346504032,-826952.8498986461
452,529792.5346504032,-826952.8498986461
453,534792.5346504032,-826952.8498986461
454,539792.5346504032,-826952.8498986461
455,544792.5346504032,-826952.8498986461
456,549792.5346504032,-826952.8498986461
457,554792.5346504032,-826952.8498986461
458,559792.5346504032,-826952.8498986461
459,564792.5346504032,-826952.8498986461
460,569792.5346504032,-826952.8498986461
461,574792.5346504032,-826952.8498986461
462,579792.5346504032,-826952.8498986461
467,649792.5346504032,-826952.8498986461
468,654792.5346504032,-826952.8498986461
469,659792.5346504032,-826952.8498986461
470,664792.5346504032,-826952.8498986461
471,669792.5346504032,-826952.8498986461
472,674792.5346504032,-826952.8498986461
473,679792.5346504032,-826952.8498986461
474,684792.5346504032,-826952.8498986461
475,689792.5346504032,-826952.8498986461
476,694792.5346504032,-826952.8498986461
477,699792.5346504032,-826952.8498986461
478,704792.5346504033,-826952.8498986461
479,709792.5346504033,-826952.8498986461
480,714792.5346504033,-826952.8498986461
481,719792.5346504033,-826952.8498986461
482,724792.5346504033,-826952.8498986461
483,729792.5346504033,-826952.8498986461
484,734792.5346504033,-826952.8498986461
485,739792.5346504033,-826952.8498986461
486,744792.5346504033,-826952.8498986461
487,749792.5346504033,-826952.8498986461
488,754792.5346504033,-826952.8498986461
489,759792.5346504033,-826952.8498986461
490,764792.5346504033,-826952.8498986461
491,769792.5346504033,-826952.8498986461
492,774792.5346504033,-826952.8498986461
493,779792.5346504033,-826952.8498986461
494,784792.5346504033,-826952.8498986461
495,789792.5346504033,-826952.8498986461
497,799792.5346504033,-826952.8498986461
498,804792.5346504033,-826952.8498986461
499,809792.5346504033,-826952.8498986461
502,489792.5346504032,-821952.8498986461
503,494792.5346504032,-821952.8498986461
504,499792.5346504032,-821952.8498986461
505,504792.5346504032,-821952.8498986461
506,509792.5346504032,-821952.8498986461
507,514792.5346504032,-821952.8498986461
508,519792.5346504032,-821952.8498986461
509,524792.5346504032,-821952.8498986461
510,529792.5346504032,-821952.8498986461
511,534792.5346504032,-821952.8498986461
512,539792.5346504032,-821952.8498986461
513,544792.5346504032,-821952.8498986461
514,549792.5346504032,-821952.8498986461
515,554792.5346504032,-821952.8498986461
516,559792.5346504032,-821952.8498986461
517,564792.5346504032,-821952.8498986461
518,569792.5346504032,-821952.8498986461
519,574792.5346504032,-821952.8498986461
520,579792.5346504032,-821952.8498986461
523,594792.5346504032,-821952.8498986461
524,599792.5346504032,-821952.8498986461
525,604792.5346504032,-821952.8498986461
530,629792.5346504032,-821952.8498986461
531,634792.5346504032,-821952.8498986461
532,639792.5346504032,-821952.8498986461
533,644792.5346504032,-821952.8498986461
534,649792.5346504032,-821952.8498986461
535,654792.5346504032,-821952.8498986461
536,659792.5346504032,-821952.8498986461
537,664792.5346504032,-821952.8498986461
538,669792.5346504032,-821952.8498986461
539,674792.5346504032,-821952.8498986461
540,679792.5346504032,-821952.8498986461
541,684792.5346504032,-821952.8498986461
542,689792.5346504032,-821952.8498986461
543,694792.5346504032,-821952.8498986461
544,699792.5346504032,-821952.8498986461
545,704792.5346504033,-821952.8498986461
546,709792.5346504033,-821952.8498986461
547,714792.5346504033,-821952.8498986461
548,719792.5346504033,-821952.8498986461
549,724792.5346504033,-821952.8498986461
550,729792.5346504033,-821952.8498986461
551,734792.5346504033,-821952.8498986461
552,739792.5346504033,-821952.8498986461
553,744792.5346504033,-821952.8498986461
554,749792.5346504033,-821952.8498986461
555,754792.5346504033,-821952.8498986461
556,759792.5346504033,-821952.8498986461
557,764792.5346504033,-821952.8498986461
558,769792.5346504033,-821952.8498986461
559,774792.5346504033,-821952.8498986461
560,779792.5346504033,-821952.8498986461
561,784792.5346504033,-821952.8498986461
562,789792.5346504033,-821952.8498986461
563,794792.5346504033,-821952.8498986461
564,799792.5346504033,-821952.8498986461
565,804792.5346504033,-821952.8498986461
566,809792.5346504033,-821952.8498986461
567,814792.5346504033,-821952.8498986461
568,819792.5346504033,-821952.8498986461
570,489792.5346504032,-816952.8498986461
571,494792.5346504032,-816952.8498986461
572,499792.5346504032,-816952.8498986461
573,504792.5346504032,-816952.8498986461
574,509792.5346504032,-816952.8498986461
575,514792.5346504032,-816952.8498986461
576,519792.5346504032,-816952.8498986461
577,524792.5346504032,-816952.8498986461
578,529792.5346504032,-816952.8498986461
579,534792.5346504032,-816952.8498986461
580,539792.5346504032,-816952.8498986461
581,544792.5346504032,-816952.8498986461
582,549792.5346504032,-816952.8498986461
583,554792.5346504032,-816952.8498986461
584,559792.5346504032,-816952.8498986461
585,564792.5346504032,-816952.8498986461
586,569792.5346504032,-816952.8498986461
587,574792.5346504032,-816952.8498986461
588,579792.5346504032,-816952.8498986461
589,584792.5346504032,-816952.8498986461
591,594792.5346504032,-816952.8498986461
592,599792.5346504032,-816952.8498986461
593,604792.5346504032,-816952.8498986461
594,609792.5346504032,-816952.8498986461
595,614792.5346504032,-816952.8498986461
596,619792.5346504032,-816952.8498986461
597,624792.5346504032,-816952.8498986461
598,629792.5346504032,-816952.8498986461
599,634792.5346504032,-816952.8498986461
600,639792.5346504032,-816952.8498986461
601,644792.5346504032,-816952.8498986461
602,649792.5346504032,-816952.8498986461
603,654792.5346504032,-816952.8498986461
604,659792.5346504032,-816952.8498986461
605,664792.5346504032,-816952.8498986461
606,669792.5346504032,-816952.8498986461
607,674792.5346504032,-816952.8498986461
608,679792.5346504032,-816952.8498986461
609,684792.5346504032,-816952.8498986461
610,689792.5346504032,-816952.8498986461
611,694792.5346504032,-816952.8498986461
612,699792.5346504032,-816952.8498986461
613,704792.5346504033,-816952.8498986461
614,709792.5346504033,-816952.8498986461
615,714792.5346504033,-816952.8498986461
616,719792.5346504033,-816952.8498986461
617,724792.5346504033,-816952.8498986461
618,729792.5346504033,-816952.8498986461
619,734792.5346504033,-816952.8498986461
620,739792.5346504033,-816952.8498986461
621,744792.5346504033,-816952.8498986461
622,749792.5346504033,-816952.8498986461
623,754792.5346504033,-816952.8498986461
624,759792.5346504033,-816952.8498986461
625,764792.5346504033,-816952.8498986461
626,769792.5346504033,-816952.8498986461
627,774792.5346504033,-816952.8498986461
628,779792.5346504033,-816952.8498986461
629,784792.5346504033,-816952.8498986461
630,789792.5346504033,-816952.8498986461
631,794792.5346504033,-816952.8498986461
632,799792.5346504033,-816952.8498986461
633,804792.5346504033,-816952.8498986461
634,809792.5346504033,-816952.8498986461
635,814792.5346504033,-816952.8498986461
636,819792.5346504033,-816952.8498986461
639,494792.5346504032,-811952.8498986461
640,499792.5346504032,-811952.8498986461
641,504792.5346504032,-811952.8498986461
642,509792.5346504032,-811952.8498986461
643,514792.5346504032,-811952.8498986461
644,519792.5346504032,-811952.8498986461
645,524792.5346504032,-811952.8498986461
646,529792.5346504032,-811952.8498986461
647,534792.5346504032,-811952.8498986461
648,539792.5346504032,-811952.8498986461
649,544792.5346504032,-811952.8498986461
650,549792.5346504032,-811952.8498986461
651,554792.5346504032,-811952.8498986461
652,559792.5346504032,-811952.8498986461
653,564792.5346504032,-811952.8498986461
654,569792.5346504032,-811952.8498986461
655,574792.5346504032,-811952.8498986461
656,579792.5346504032,-811952.8498986461
657,584792.5346504032,-811952.8498986461
658,589792.5346504032,-811952.8498986461
659,594792.5346504032,-811952.8498986461
660,599792.5346504032,-811952.8498986461
661,604792.5346504032,-811952.8498986461
662,609792.5346504032,-811952.8498986461
663,614792.5346504032,-811952.8498986461
664,619792.5346504032,-811952.8498986461
665,624792.5346504032,-811952.8498986461
666,629792.5346504032,-811952.8498986461
667,634792.5346504032,-811952.8498986461
668,639792.5346504032,-811952.8498986461
669,644792.5346504032,-811952.8498986461
670,649792.5346504032,-811952.8498986461
671,654792.5346504032,-811952.8498986461
672,659792.5346504032,-811952.8498986461
673,664792.5346504032,-811952.8498986461
674,669792.5346504032,-811952.8498986461
675,674792.5346504032,-811952.8498986461
676,679792.5346504032,-811952.8498986461
677,684792.5346504032,-811952.8498986461
678,689792.5346504032,-811952.8498986461
679,694792.5346504032,-811952.8498986461
680,699792.5346504032,-811952.8498986461
681,704792.5346504033,-811952.8498986461
682,709792.5346504033,-811952.8498986461
683,714792.5346504033,-811952.8498986461
684,719792.5346504033,-811952.8498986461
685,724792.5346504033,-811952.8498986461
686,729792.5346504033,-811952.8498986461
687,734792.5346504033,-811952.8498986461
688,739792.5346504033,-811952.8498986461
689,744792.5346504033,-811952.8498986461
690,749792.5346504033,-811952.8498986461
691,754792.5346504033,-811952.8498986461
692,759792.5346504033,-811952.8498986461
693,764792.5346504033,-811952.8498986461
694,769792.5346504033,-811952.8498986461
695,774792.5346504033,-811952.8498986461
696,779792.5346504033,-811952.8498986461
697,784792.5346504033,-811952.8498986461
698,789792.5346504033,-811952.8498986461
699,794792.5346504033,-811952.8498986461
700,799792.5346504033,-811952.8498986461
701,804792.5346504033,-811952.8498986461
702,809792.5346504033,-811952.8498986461
703,814792.5346504033,-811952.8498986461
704,819792.5346504033,-811952.8498986461
705,824792.5346504033,-811952.8498986461
707,494792.5346504032,-806952.8498986461
708,499792.5346504032,-806952.8498986461
709,504792.5346504032,-806952.8498986461
710,509792.5346504032,-806952.8498986461
711,514792.5346504032,-806952.8498986461
712,519792.5346504032,-806952.8498986461
713,524792.5346504032,-806952.8498986461
714,529792.5346504032,-806952.8498986461
715,534792.5346504032,-806952.8498986461
716,539792.5346504032,-806952.8498986461
717,544792.5346504032,-806952.8498986461
718,549792.5346504032,-806952.8498986461
719,554792.5346504032,-806952.8498986461
720,559792.5346504032,-806952.8498986461
721,564792.5346504032,-806952.8498986461
722,569792.5346504032,-806952.8498986461
723,574792.5346504032,-806952.8498986461
724,579792.5346504032,-806952.8498986461
725,584792.5346504032,-806952.8498986461
726,589792.5346504032,-806952.8498986461
727,594792.5346504032,-806952.8498986461
728,599792.5346504032,-806952.8498986461
729,604792.5346504032,-806952.8498986461
730,609792.5346504032,-806952.8498986461
731,614792.5346504032,-806952.8498986461
732,619792.5346504032,-806952.8498986461
733,624792.5346504032,-806952.8498986461
734,629792.5346504032,-806952.8498986461
735,634792.5346504032,-806952.8498986461
736,639792.5346504032,-806952.8498986461
737,644792.5346504032,-806952.8498986461
738,649792.5346504032,-806952.8498986461
739,654792.5346504032,-806952.8498986461
740,659792.5346504032,-806952.8498986461
741,664792.5346504032,-806952.8498986461
742,669792.5346504032,-806952.8498986461
743,674792.5346504032,-806952.8498986461
744,679792.5346504032,-806952.8498986461
745,684792.5346504032,-806952.8498986461
746,689792.5346504032,-806952.8498986461
747,694792.5346504032,-806952.8498986461
748,699792.5346504032,-806952.8498986461
749,704792.5346504033,-806952.8498986461
750,709792.5346504033,-806952.8498986461
751,714792.5346504033,-806952.8498986461
752,719792.5346504033,-806952.8498986461
753,724792.5346504033,-806952.8498986461
754,729792.5346504033,-806952.8498986461
755,734792.5346504033,-806952.8498986461
756,739792.5346504033,-806952.8498986461
757,744792.5346504033,-806952.8498986461
758,749792.5346504033,-806952.8498986461
759,754792.5346504033,-806952.8498986461
760,759792.5346504033,-806952.8498986461
761,764792.5346504033,-806952.8498986461
762,769792.5346504033,-806952.8498986461
763,774792.5346504033,-806952.8498986461
764,779792.5346504033,-806952.8498986461
765,784792.5346504033,-806952.8498986461
766,789792.5346504033,-806952.8498986461
767,794792.5346504033,-806952.8498986461
768,799792.5346504033,-806952.8498986461
769,804792.5346504033,-806952.8498986461
770,809792.5346504033,-806952.8498986461
771,814792.5346504033,-806952.8498986461
772,819792.5346504033,-806952.8498986461
773,824792.5346504033,-806952.8498986461
777,499792.5346504032,-801952.8498986461
778,504792.5346504032,-801952.8498986461
779,509792.5346504032,-801952.8498986461
780,514792.5346504032,-801952.8498986461
781,519792.5346504032,-801952.8498986461
782,524792.5346504032,-801952.8498986461
783,529792.5346504032,-801952.8498986461
784,534792.5346504032,-801952.8498986461
785,539792.5346504032,-801952.8498986461
786,544792.5346504032,-801952.8498986461
787,549792.5346504032,-801952.8498986461
788,554792.5346504032,-801952.8498986461
789,559792.5346504032,-801952.8498986461
790,564792.5346504032,-801952.8498986461
791,569792.5346504032,-801952.8498986461
792,574792.5346504032,-801952.8498986461
793,579792.5346504032,-801952.8498986461
794,584792.5346504032,-801952.8498986461
795,589792.5346504032,-801952.8498986461
796,594792.5346504032,-801952.8498986461
797,599792.5346504032,-801952.8498986461
798,604792.5346504032,-801952.8498986461
799,609792.5346504032,-801952.8498986461
800,614792.5346504032,-801952.8498986461
801,619792.5346504032,-801952.8498986461
802,624792.5346504032,-801952.8498986461
803,629792.5346504032,-801952.8498986461
804,634792.5346504032,-801952.8498986461
805,639792.5346504032,-801952.8498986461
806,644792.5346504032,-801952.8498986461
807,649792.5346504032,-801952.8498986461
808,654792.5346504032,-801952.8498986461
809,659792.5346504032,-801952.8498986461
810,664792.5346504032,-801952.8498986461
811,669792.5346504032,-801952.8498986461
812,674792.5346504032,-801952.8498986461
813,679792.5346504032,-801952.8498986461
814,684792.5346504032,-801952.8498986461
815,689792.5346504032,-801952.8498986461
816,694792.5346504032,-801952.8498986461
817,699792.5346504032,-801952.8498986461
818,704792.5346504033,-801952.8498986461
819,709792.5346504033,-801952.8498986461
820,714792.5346504033,-801952.8498986461
821,719792.5346504033,-801952.8498986461
822,724792.5346504033,-801952.8498986461
823,729792.5346504033,-801952.8498986461
824,734792.5346504033,-801952.8498986461
825,739792.5346504033,-801952.8498986461
826,744792.5346504033,-801952.8498986461
827,749792.5346504033,-801952.8498986461
828,754792.5346504033,-801952.8498986461
829,759792.5346504033,-801952.8498986461
830,764792.5346504033,-801952.8498986461
831,769792.5346504033,-801952.8498986461
832,774792.5346504033,-801952.8498986461
833,779792.5346504033,-801952.8498986461
834,784792.5346504033,-801952.8498986461
835,789792.5346504033,-801952.8498986461
836,794792.5346504033,-801952.8498986461
837,799792.5346504033,-801952.8498986461
838,804792.5346504033,-801952.8498986461
839,809792.5346504033,-801952.8498986461
840,814792.5346504033,-801952.8498986461
841,819792.5346504033,-801952.8498986461
842,824792.5346504033,-801952.8498986461
843,829792.5346504033,-801952.8498986461
844,834792.5346504033,-801952.8498986461
845,839792.5346504033,-801952.8498986461
848,504792.5346504032,-796952.8498986461
849,509792.5346504032,-796952.8498986461
850,514792.5346504032,-796952.8498986461
851,519792.5346504032,-796952.8498986461
852,524792.5346504032,-796952.8498986461
853,529792.5346504032,-796952.8498986461
854,534792.5346504032,-796952.8498986461
855,539792.5346504032,-796952.8498986461
856,544792.5346504032,-796952.8498986461
857,549792.5346504032,-796952.8498986461
858,554792.5346504032,-796952.8498986461
859,559792.5346504032,-796952.8498986461
860,564792.5346504032,-796952.8498986461
861,569792.5346504032,-796952.8498986461
862,574792.5346504032,-796952.8498986461
863,579792.5346504032,-796952.8498986461
864,584792.5346504032,-796952.8498986461
865,589792.5346504032,-796952.8498986461
866,594792.5346504032,-796952.8498986461
867,599792.5346504032,-796952.8498986461
868,604792.5346504032,-796952.8498986461
869,609792.5346504032,-796952.8498986461
870,614792.5346504032,-796952.8498986461
871,619792.5346504032,-796952.8498986461
872,624792.5346504032,-796952.8498986461
873,629792.5346504032,-796952.8498986461
874,634792.5346504032,-796952.8498986461
875,639792.5346504032,-796952.8498986461
876,644792.5346504032,-796952.8498986461
877,649792.5346504032,-796952.8498986461
878,654792.5346504032,-796952.8498986461
879,659792.5346504032,-796952.8498986461
880,664792.5346504032,-796952.8498986461
881,669792.5346504032,-796952.8498986461
882,674792.5346504032,-796952.8498986461
883,679792.5346504032,-796952.8498986461
884,684792.5346504032,-796952.8498986461
885,689792.5346504032,-796952.8498986461
886,694792.5346504032,-796952.8498986461
887,699792.5346504032,-796952.8498986461
888,704792.5346504033,-796952.8498986461
889,709792.5346504033,-796952.8498986461
890,714792.5346504033,-796952.8498986461
891,719792.5346504033,-796952.8498986461
892,724792.5346504033,-796952.8498986461
893,729792.5346504033,-796952.8498986461
894,734792.5346504033,-796952.8498986461
895,739792.5346504033,-796952.8498986461
896,744792.5346504033,-796952.8498986461
897,749792.5346504033,-796952.8498986461
898,754792.5346504033,-796952.8498986461
899,759792.5346504033,-796952.8498986461
900,764792.5346504033,-796952.8498986461
901,769792.5346504033,-796952.8498986461
902,774792.5346504033,-796952.8498986461
903,779792.5346504033,-796952.8498986461
904,784792.5346504033,-796952.8498986461
905,789792.5346504033,-796952.8498986461
906,794792.5346504033,-796952.8498986461
907,799792.5346504033,-796952.8498986461
908,804792.5346504033,-796952.8498986461
909,809792.5346504033,-796952.8498986461
910,814792.5346504033,-796952.8498986461
911,819792.5346504033,-796952.8498986461
912,824792.5346504033,-796952.8498986461
913,829792.5346504033,-796952.8498986461
914,834792.5346504033,-796952.8498986461
915,839792.5346504033,-796952.8498986461
916,844792.5346504033,-796952.8498986461
919,504792.5346504032,-791952.8498986461
920,509792.5346504032,-791952.8498986461
921,514792.5346504032,-791952.8498986461
922,519792.5346504032,-791952.8498986461
923,524792.5346504032,-791952.8498986461
924,529792.5346504032,-791952.8498986461
925,534792.5346504032,-791952.8498986461
926,539792.5346504032,-791952.8498986461
927,544792.5346504032,-791952.8498986461
928,549792.5346504032,-791952.8498986461
929,554792.5346504032,-791952.8498986461
930,559792.5346504032,-791952.8498986461
931,564792.5346504032,-791952.8498986461
932,569792.5346504032,-791952.8498986461
933,574792.5346504032,-791952.8498986461
934,579792.5346504032,-791952.8498986461
935,584792.5346504032,-791952.8498986461
936,589792.5346504032,-791952.8498986461
937,594792.5346504032,-791952.8498986461
938,599792.5346504032,-791952.8498986461
939,604792.5346504032,-791952.8498986461
940,609792.5346504032,-791952.8498986461
941,614792.5346504032,-791952.8498986461
942,619792.5346504032,-791952.8498986461
943,624792.5346504032,-791952.8498986461
944,629792.5346504032,-791952.8498986461
945,634792.5346504032,-791952.8498986461
946,639792.5346504032,-791952.8498986461
947,644792.5346504032,-791952.8498986461
948,649792.5346504032,-791952.8498986461
949,654792.5346504032,-791952.8498986461
950,659792.5346504032,-791952.8498986461
951,664792.5346504032,-791952.8498986461
952,669792.5346504032,-791952.8498986461
953,674792.5346504032,-791952.8498986461
954,679792.5346504032,-791952.8498986461
955,684792.5346504032,-791952.8498986461
956,689792.5346504032,-791952.8498986461
957,694792.5346504032,-791952.8498986461
958,699792.5346504032,-791952.8498986461
959,704792.5346504033,-791952.8498986461
960,709792.5346504033,-791952.8498986461
961,714792.5346504033,-791952.8498986461
962,719792.5346504033,-791952.8498986461
963,724792.5346504033,-791952.8498986461
964,729792.5346504033,-791952.8498986461
965,734792.5346504033,-791952.8498986461
966,739792.5346504033,-791952.8498986461
967,744792.5346504033,-791952.8498986461
968,749792.5346504033,-791952.8498986461
969,754792.5346504033,-791952.8498986461
970,759792.5346504033,-791952.8498986461
971,764792.5346504033,-791952.8498986461
972,769792.5346504033,-791952.8498986461
973,774792.5346504033,-791952.8498986461
974,779792.5346504033,-791952.8498986461
975,784792.5346504033,-791952.8498986461
976,789792.5346504033,-791952.8498986461
977,794792.5346504033,-791952.8498986461
978,799792.5346504033,-791952.8498986461
979,804792.5346504033,-791952.8498986461
980,809792.5346504033,-791952.8498986461
981,814792.5346504033,-791952.8498986461
982,819792.5346504033,-791952.8498986461
983,824792.5346504033,-791952.8498986461
984,829792.5346504033,-791952.8498986461
985,834792.5346504033,-791952.8498986461
986,839792.5346504033,-791952.8498986461
987,844792.5346504033,-791952.8498986461
991,504792.5346504032,-786952.8498986461
992,509792.5346504032,-786952.8498986461
993,514792.5346504032,-786952.8498986461
994,519792.5346504032,-786952.8498986461
995,524792.5346504032,-786952.8498986461
996,529792.5346504032,-786952.8498986461
997,534792.5346504032,-786952.8498986461
998,539792.5346504032,-786952.8498986461
999,544792.5346504032,-786952.8498986461
1000,549792.5346504032,-786952.8498986461
1001,554792.5346504032,-786952.8498986461
1002,559792.5346504032,-786952.8498986461
1003,564792.5346504032,-786952.8498986461
1004,569792.5346504032,-786952.8498986461
1005,574792.5346504032,-786952.8498986461
1006,579792.5346504032,-786952.8498986461
1007,584792.5346504032,-786952.8498986461
1008,589792.5346504032,-786952.8498986461
1009,594792.5346504032,-786952.8498986461
1010,599792.5346504032,-786952.8498986461
1011,604792.5346504032,-786952.8498986461
1012,609792.5346504032,-786952.8498986461
1013,614792.5346504032,-786952.8498986461
1014,619792.5346504032,-786952.8498986461
1015,624792.5346504032,-786952.8498986461
1016,629792.5346504032,-786952.8498986461
1017,634792.5346504032,-786952.8498986461
1018,639792.5346504032,-786952.8498986461
1019,644792.5346504032,-786952.8498986461
1020,649792.5346504032,-786952.8498986461
1021,654792.5346504032,-786952.8498986461
1022,659792.5346504032,-786952.8498986461
1023,664792.5346504032,-786952.8498986461
1024,669792.5346504032,-786952.8498986461
1025,674792.5346504032,-786952.8498986461
1026,679792.5346504032,-786952.8498986461
1027,684792.5346504032,-786952.8498986461
1028,689792.5346504032,-786952.8498986461
1029,694792.5346504032,-786952.8498986461
1030,699792.5346504032,-786952.8498986461
1031,704792.5346504033,-786952.8498986461
1032,709792.5346504033,-786952.8498986461
1033,714792.5346504033,-786952.8498986461
1034,719792.5346504033,-786952.8498986461
1035,724792.5346504033,-786952.8498986461
1036,729792.5346504033,-786952.8498986461
1037,734792.5346504033,-786952.8498986461
1038,739792.5346504033,-786952.8498986461
1039,744792.5346504033,-786952.8498986461
1040,749792.5346504033,-786952.8498986461
1041,754792.5346504033,-786952.8498986461
1042,759792.5346504033,-786952.8498986461
1043,764792.5346504033,-786952.8498986461
1044,769792.5346504033,-786952.8498986461
1045,774792.5346504033,-786952.8498986461
1046,779792.5346504033,-786952.8498986461
1047,784792.5346504033,-786952.8498986461
1048,789792.5346504033,-786952.8498986461
1049,794792.5346504033,-786952.8498986461
1050,799792.5346504033,-786952.8498986461
1051,804792.5346504033,-786952.8498986461
1052,809792.5346504033,-786952.8498986461
1053,814792.5346504033,-786952.8498986461
1054,819792.5346504033,-786952.8498986461
1055,824792.5346504033,-786952.8498986461
1056,829792.5346504033,-786952.8498986461
1057,834792.5346504033,-786952.8498986461
1058,839792.5346504033,-786952.8498986461
1059,844792.5346504033,-786952.8498986461
1060,849792.5346504033,-786952.8498986461
1063,504792.5346504032,-781952.8498986461
1064,509792.5346504032,-781952.8498986461
1065,514792.5346504032,-781952.8498986461
1066,519792.5346504032,-781952.8498986461
1067,524792.5346504032,-781952.8498986461
1068,529792.5346504032,-781952.8498986461
1069,534792.5346504032,-781952.8498986461
1070,539792.5346504032,-781952.8498986461
1071,544792.5346504032,-781952.8498986461
1072,549792.5346504032,-781952.8498986461
1073,554792.5346504032,-781952.8498986461
1074,559792.5346504032,-781952.8498986461
1075,564792.5346504032,-781952.8498986461
1076,569792.5346504032,-781952.8498986461
1077,574792.5346504032,-781952.8498986461
1078,579792.5346504032,-781952.8498986461
1079,584792.5346504032,-781952.8498986461
1080,589792.5346504032,-781952.8498986461
1081,594792.5346504032,-781952.8498986461
1082,599792.5346504032,-781952.8498986461
1083,604792.5346504032,-781952.8498986461
1084,609792.5346504032,-781952.8498986461
1085,614792.5346504032,-781952.8498986461
1086,619792.5346504032,-781952.8498986461
1087,624792.5346504032,-781952.8498986461
1088,629792.5346504032,-781952.8498986461
1089,634792.5346504032,-781952.8498986461
1090,639792.5346504032,-781952.8498986461
1091,644792.5346504032,-781952.8498986461
1092,649792.5346504032,-781952.8498986461
1093,654792.5346504032,-781952.8498986461
1094,659792.5346504032,-781952.8498986461
1095,664792.5346504032,-781952.8498986461
1096,669792.5346504032,-781952.8498986461
1097,674792.5346504032,-781952.8498986461
1098,679792.5346504032,-781952.8498986461
1099,684792.5346504032,-781952.8498986461
1100,689792.5346504032,-781952.8498986461
1101,694792.5346504032,-781952.8498986461
1102,699792.5346504032,-781952.8498986461
1103,704792.5346504033,-781952.8498986461
1104,709792.5346504033,-781952.8498986461
1105,714792.5346504033,-781952.8498986461
1106,719792.5346504033,-781952.8498986461
1107,724792.5346504033,-781952.8498986461
1108,729792.5346504033,-781952.8498986461
1109,734792.5346504033,-781952.8498986461
1110,739792.5346504033,-781952.8498986461
1111,744792.5346504033,-781952.8498986461
1112,749792.5346504033,-781952.8498986461
1113,754792.5346504033,-781952.8498986461
1114,759792.5346504033,-781952.8498986461
1115,764792.5346504033,-781952.8498986461
1116,769792.5346504033,-781952.8498986461
1117,774792.5346504033,-781952.8498986461
1118,779792.5346504033,-781952.8498986461
1119,784792.5346504033,-781952.8498986461
1120,789792.5346504033,-781952.8498986461
1122,799792.5346504033,-781952.8498986461
1123,804792.5346504033,-781952.8498986461
1124,809792.5346504033,-781952.8498986461
1125,814792.5346504033,-781952.8498986461
1126,819792.5346504033,-781952.8498986461
1127,824792.5346504033,-781952.8498986461
1128,829792.5346504033,-781952.8498986461
1129,834792.5346504033,-781952.8498986461
1130,839792.5346504033,-781952.8498986461
1131,844792.5346504033,-781952.8498986461
1132,849792.5346504033,-781952.8498986461
1135,509792.5346504032,-776952.8498986461
1136,514792.5346504032,-776952.8498986461
1137,519792.5346504032,-776952.8498986461
1138,524792.5346504032,-776952.8498986461
1139,529792.5346504032,-776952.8498986461
1140,534792.5346504032,-776952.8498986461
1141,539792.5346504032,-776952.8498986461
1142,544792.5346504032,-776952.8498986461
1143,549792.5346504032,-776952.8498986461
1144,554792.5346504032,-776952.8498986461
1145,559792.5346504032,-776952.8498986461
1146,564792.5346504032,-776952.8498986461
1147,569792.5346504032,-776952.8498986461
1148,574792.5346504032,-776952.8498986461
1149,579792.5346504032,-776952.8498986461
1150,584792.5346504032,-776952.8498986461
1151,589792.5346504032,-776952.8498986461
1152,594792.5346504032,-776952.8498986461
1153,599792.5346504032,-776952.8498986461
1154,604792.5346504032,-776952.8498986461
1155,609792.5346504032,-776952.8498986461
1156,614792.5346504032,-776952.8498986461
1157,619792.5346504032,-776952.8498986461
1158,624792.5346504032,-776952.8498986461
1159,629792.5346504032,-776952.8498986461
1160,634792.5346504032,-776952.8498986461
1161,639792.5346504032,-776952.8498986461
1162,644792.5346504032,-776952.8498986461
1163,649792.5346504032,-776952.8498986461
1164,654792.5346504032,-776952.8498986461
1165,659792.5346504032,-776952.8498986461
1166,664792.5346504032,-776952.8498986461
1167,669792.5346504032,-776952.8498986461
1168,674792.5346504032,-776952.8498986461
1169,679792.5346504032,-776952.8498986461
1170,684792.5346504032,-776952.8498986461
1171,689792.5346504032,-776952.8498986461
1172,694792.5346504032,-776952.8498986461
1173,699792.5346504032,-776952.8498986461
1174,704792.5346504033,-776952.8498986461
1175,709792.5346504033,-776952.8498986461
1176,714792.5346504033,-776952.8498986461
1177,719792.5346504033,-776952.8498986461
1178,724792.5346504033,-776952.8498986461
1179,729792.5346504033,-776952.8498986461
1180,734792.5346504033,-776952.8498986461
1181,739792.5346504033,-776952.8498986461
1182,744792.5346504033,-776952.8498986461
1183,749792.5346504033,-776952.8498986461
1184,754792.5346504033,-776952.8498986461
1193,824792.5346504033,-776952.8498986461
1194,829792.5346504033,-776952.8498986461
1195,834792.5346504033,-776952.8498986461
1196,839792.5346504033,-776952.8498986461
1199,514792.5346504032,-771952.8498986461
1200,519792.5346504032,-771952.8498986461
1201,524792.5346504032,-771952.8498986461
1202,529792.5346504032,-771952.8498986461
1203,534792.5346504032,-771952.8498986461
1204,539792.5346504032,-771952.8498986461
1205,544792.5346504032,-771952.8498986461
1206,549792.5346504032,-771952.8498986461
1207,554792.5346504032,-771952.8498986461
1208,559792.5346504032,-771952.8498986461
1209,564792.5346504032,-771952.8498986461
1210,569792.5346504032,-771952.8498986461
1211,574792.5346504032,-771952.8498986461
1212,579792.5346504032,-771952.8498986461
1213,584792.5346504032,-771952.8498986461
1214,589792.5346504032,-771952.8498986461
1215,594792.5346504032,-771952.8498986461
1216,599792.5346504032,-771952.8498986461
1217,604792.5346504032,-771952.8498986461
1218,609792.5346504032,-771952.8498986461
1219,614792.5346504032,-771952.8498986461
1220,619792.5346504032,-771952.8498986461
1221,624792.5346504032,-771952.8498986461
1222,629792.5346504032,-771952.8498986461
1223,634792.5346504032,-771952.8498986461
1224,639792.5346504032,-771952.8498986461
1225,644792.5346504032,-771952.8498986461
1226,649792.5346504032,-771952.8498986461
1227,654792.5346504032,-771952.8498986461
1228,659792.5346504032,-771952.8498986461
1229,664792.5346504032,-771952.8498986461
1230,669792.5346504032,-771952.8498986461
1231,674792.5346504032,-771952.8498986461
1232,679792.5346504032,-771952.8498986461
1233,684792.5346504032,-771952.8498986461
1234,689792.5346504032,-771952.8498986461
1235,694792.5346504032,-771952.8498986461
1236,699792.5346504032,-771952.8498986461
1237,704792.5346504033,-771952.8498986461
1238,709792.5346504033,-771952.8498986461
1239,714792.5346504033,-771952.8498986461
1240,719792.5346504033,-771952.8498986461
1253,519792.5346504032,-766952.8498986461
1254,524792.5346504032,-766952.8498986461
1255,529792.5346504032,-766952.8498986461
1256,534792.5346504032,-766952.8498986461
1257,539792.5346504032,-766952.8498986461
1258,544792.5346504032,-766952.8498986461
1259,549792.5346504032,-766952.8498986461
1260,554792.5346504032,-766952.8498986461
1261,559792.5346504032,-766952.8498986461
1262,564792.5346504032,-766952.8498986461
1263,569792.5346504032,-766952.8498986461
1264,574792.5346504032,-766952.8498986461
1265,579792.5346504032,-766952.8498986461
1266,584792.5346504032,-766952.8498986461
1267,589792.5346504032,-766952.8498986461
1268,594792.5346504032,-766952.8498986461
1269,599792.5346504032,-766952.8498986461
1270,604792.5346504032,-766952.8498986461
1271,609792.5346504032,-766952.8498986461
1272,614792.5346504032,-766952.8498986461
1273,619792.5346504032,-766952.8498986461
1274,624792.5346504032,-766952.8498986461
1275,629792.5346504032,-766952.8498986461
1276,634792.5346504032,-766952.8498986461
1277,639792.5346504032,-766952.8498986461
1278,644792.5346504032,-766952.8498986461
1279,649792.5346504032,-766952.8498986461
1280,654792.5346504032,-766952.8498986461
1281,659792.5346504032,-766952.8498986461
1282,664792.5346504032,-766952.8498986461
1283,669792.5346504032,-766952.8498986461
1284,674792.5346504032,-766952.8498986461
1285,679792.5346504032,-766952.8498986461
1286,684792.5346504032,-766952.8498986461
1287,689792.5346504032,-766952.8498986461
1288,694792.5346504032,-766952.8498986461
1289,699792.5346504032,-766952.8498986461
1295,519792.5346504032,-761952.8498986461
1296,524792.5346504032,-761952.8498986461
1297,529792.5346504032,-761952.8498986461
1298,534792.5346504032,-761952.8498986461
1299,539792.5346504032,-761952.8498986461
1300,544792.5346504032,-761952.8498986461
1301,549792.5346504032,-761952.8498986461
1302,554792.5346504032,-761952.8498986461
1303,559792.5346504032,-761952.8498986461
1304,564792.5346504032,-761952.8498986461
1305,569792.5346504032,-761952.8498986461
1306,574792.5346504032,-761952.8498986461
1307,579792.5346504032,-761952.8498986461
1308,584792.5346504032,-761952.8498986461
1309,589792.5346504032,-761952.8498986461
1310,594792.5346504032,-761952.8498986461
1311,599792.5346504032,-761952.8498986461
1312,604792.5346504032,-761952.8498986461
1313,609792.5346504032,-761952.8498986461
1314,614792.5346504032,-761952.8498986461
1315,619792.5346504032,-761952.8498986461
1316,624792.5346504032,-761952.8498986461
1317,629792.5346504032,-761952.8498986461
1318,634792.5346504032,-761952.8498986461
1319,639792.5346504032,-761952.8498986461
1320,644792.5346504032,-761952.8498986461
1321,649792.5346504032,-761952.8498986461
1322,654792.5346504032,-761952.8498986461
1323,659792.5346504032,-761952.8498986461
1324,664792.5346504032,-761952.8498986461
1325,669792.5346504032,-761952.8498986461
1326,674792.5346504032,-761952.8498986461
1327,679792.5346504032,-761952.8498986461
1328,684792.5346504032,-761952.8498986461
1329,689792.5346504032,-761952.8498986461
1330,694792.5346504032,-761952.8498986461
1333,519792.5346504032,-756952.8498986461
1334,524792.5346504032,-756952.8498986461
1335,529792.5346504032,-756952.8498986461
1336,534792.5346504032,-756952.8498986461
1337,539792.5346504032,-756952.8498986461
1338,544792.5346504032,-756952.8498986461
1339,549792.5346504032,-756952.8498986461
1340,554792.5346504032,-756952.8498986461
1341,559792.5346504032,-756952.8498986461
1342,564792.5346504032,-756952.8498986461
1343,569792.5346504032,-756952.8498986461
1344,574792.5346504032,-756952.8498986461
1345,579792.5346504032,-756952.8498986461
1346,584792.5346504032,-756952.8498986461
1347,589792.5346504032,-756952.8498986461
1348,594792.5346504032,-756952.8498986461
1349,599792.5346504032,-756952.8498986461
1350,604792.5346504032,-756952.8498986461
1351,609792.5346504032,-756952.8498986461
1352,614792.5346504032,-756952.8498986461
1353,619792.5346504032,-756952.8498986461
1354,624792.5346504032,-756952.8498986461
1355,629792.5346504032,-756952.8498986461
1356,634792.5346504032,-756952.8498986461
1357,639792.5346504032,-756952.8498986461
1358,644792.5346504032,-756952.8498986461
1359,649792.5346504032,-756952.8498986461
1360,654792.5346504032,-756952.8498986461
1361,659792.5346504032,-756952.8498986461
1362,664792.5346504032,-756952.8498986461
1363,669792.5346504032,-756952.8498986461
1364,674792.5346504032,-756952.8498986461
1365,679792.5346504032,-756952.8498986461
1366,684792.5346504032,-756952.8498986461
1367,689792.5346504032,-756952.8498986461
1369,519792.5346504032,-751952.8498986461
1370,524792.5346504032,-751952.8498986461
1371,529792.5346504032,-751952.8498986461
1372,534792.5346504032,-751952.8498986461
1373,539792.5346504032,-751952.8498986461
1374,544792.5346504032,-751952.8498986461
1375,549792.5346504032,-751952.8498986461
1376,554792.5346504032,-751952.8498986461
1377,559792.5346504032,-751952.8498986461
1378,564792.5346504032,-751952.8498986461
1379,569792.5346504032,-751952.8498986461
1380,574792.5346504032,-751952.8498986461
1381,579792.5346504032,-751952.8498986461
1382,584792.5346504032,-751952.8498986461
1383,589792.5346504032,-751952.8498986461
1384,594792.5346504032,-751952.8498986461
1385,599792.5346504032,-751952.8498986461
1386,604792.5346504032,-751952.8498986461
1387,609792.5346504032,-751952.8498986461
1388,614792.5346504032,-751952.8498986461
1389,619792.5346504032,-751952.8498986461
1390,624792.5346504032,-751952.8498986461
1391,629792.5346504032,-751952.8498986461
1392,634792.5346504032,-751952.8498986461
1393,639792.5346504032,-751952.8498986461
1394,644792.5346504032,-751952.8498986461
1395,649792.5346504032,-751952.8498986461
1396,654792.5346504032,-751952.8498986461
1397,659792.5346504032,-751952.8498986461
1398,664792.5346504032,-751952.8498986461
1399,669792.5346504032,-751952.8498986461
1400,674792.5346504032,-751952.8498986461
1401,679792.5346504032,-751952.8498986461
1402,684792.5346504032,-751952.8498986461
1403,689792.5346504032,-751952.8498986461
1405,519792.5346504032,-746952.8498986461
1406,524792.5346504032,-746952.8498986461
1407,529792.5346504032,-746952.8498986461
1408,534792.5346504032,-746952.8498986461
1409,539792.5346504032,-746952.8498986461
1410,544792.5346504032,-746952.8498986461
1411,549792.5346504032,-746952.8498986461
1412,554792.5346504032,-746952.8498986461
1413,559792.5346504032,-746952.8498986461
1414,564792.5346504032,-746952.8498986461
1415,569792.5346504032,-746952.8498986461
1416,574792.5346504032,-746952.8498986461
1417,579792.5346504032,-746952.8498986461
1418,584792.5346504032,-746952.8498986461
1419,589792.5346504032,-746952.8498986461
1420,594792.5346504032,-746952.8498986461
1421,599792.5346504032,-746952.8498986461
1422,604792.5346504032,-746952.8498986461
1423,609792.5346504032,-746952.8498986461
1424,614792.5346504032,-746952.8498986461
1425,619792.5346504032,-746952.8498986461
1426,624792.5346504032,-746952.8498986461
1427,629792.5346504032,-746952.8498986461
1428,634792.5346504032,-746952.8498986461
1429,639792.5346504032,-746952.8498986461
1430,644792.5346504032,-746952.8498986461
1431,649792.5346504032,-746952.8498986461
1432,654792.5346504032,-746952.8498986461
1433,659792.5346504032,-746952.8498986461
1434,664792.5346504032,-746952.8498986461
1435,669792.5346504032,-746952.8498986461
1436,674792.5346504032,-746952.8498986461
1437,679792.5346504032,-746952.8498986461
1438,684792.5346504032,-746952.8498986461
1439,689792.5346504032,-746952.8498986461
1442,524792.5346504032,-741952.8498986461
1443,529792.5346504032,-741952.8498986461
1444,534792.5346504032,-741952.8498986461
1445,539792.5346504032,-741952.8498986461
1446,544792.5346504032,-741952.8498986461
1447,549792.5346504032,-741952.8498986461
1448,554792.5346504032,-741952.8498986461
1449,559792.5346504032,-741952.8498986461
1450,564792.5346504032,-741952.8498986461
1451,569792.5346504032,-741952.8498986461
1452,574792.5346504032,-741952.8498986461
1453,579792.5346504032,-741952.8498986461
1454,584792.5346504032,-741952.8498986461
1455,589792.5346504032,-741952.8498986461
1456,594792.5346504032,-741952.8498986461
1457,599792.5346504032,-741952.8498986461
1458,604792.5346504032,-741952.8498986461
1459,609792.5346504032,-741952.8498986461
1460,614792.5346504032,-741952.8498986461
1461,619792.5346504032,-741952.8498986461
1462,624792.5346504032,-741952.8498986461
1463,629792.5346504032,-741952.8498986461
1464,634792.5346504032,-741952.8498986461
1465,639792.5346504032,-741952.8498986461
1466,644792.5346504032,-741952.8498986461
1467,649792.5346504032,-741952.8498986461
1468,654792.5346504032,-741952.8498986461
1469,659792.5346504032,-741952.8498986461
1470,664792.5346504032,-741952.8498986461
1471,669792.5346504032,-741952.8498986461
1472,674792.5346504032,-741952.8498986461
1473,679792.5346504032,-741952.8498986461
1474,684792.5346504032,-741952.8498986461
1475,689792.5346504032,-741952.8498986461
1476,694792.5346504032,-741952.8498986461
1478,524792.5346504032,-736952.8498986461
1479,529792.5346504032,-736952.8498986461
1480,534792.5346504032,-736952.8498986461
1481,539792.5346504032,-736952.8498986461
1482,544792.5346504032,-736952.8498986461
1483,549792.5346504032,-736952.8498986461
1484,554792.5346504032,-736952.8498986461
1485,559792.5346504032,-736952.8498986461
1486,564792.5346504032,-736952.8498986461
1487,569792.5346504032,-736952.8498986461
1488,574792.5346504032,-736952.8498986461
1489,579792.5346504032,-736952.8498986461
1490,584792.5346504032,-736952.8498986461
1491,589792.5346504032,-736952.8498986461
1492,594792.5346504032,-736952.8498986461
1493,599792.5346504032,-736952.8498986461
1494,604792.5346504032,-736952.8498986461
1495,609792.5346504032,-736952.8498986461
1496,614792.5346504032,-736952.8498986461
1497,619792.5346504032,-736952.8498986461
1498,624792.5346504032,-736952.8498986461
1499,629792.5346504032,-736952.8498986461
1500,634792.5346504032,-736952.8498986461
1501,639792.5346504032,-736952.8498986461
1502,644792.5346504032,-736952.8498986461
1503,649792.5346504032,-736952.8498986461
1504,654792.5346504032,-736952.8498986461
1505,659792.5346504032,-736952.8498986461
1506,664792.5346504032,-736952.8498986461
1507,669792.5346504032,-736952.8498986461
1508,674792.5346504032,-736952.8498986461
1509,679792.5346504032,-736952.8498986461
1510,684792.5346504032,-736952.8498986461
1511,689792.5346504032,-736952.8498986461
1512,694792.5346504032,-736952.8498986461
1514,529792.5346504032,-731952.8498986461
1515,534792.5346504032,-731952.8498986461
1516,539792.5346504032,-731952.8498986461
1517,544792.5346504032,-731952.8498986461
1518,549792.5346504032,-731952.8498986461
1519,554792.5346504032,-731952.8498986461
1520,559792.5346504032,-731952.8498986461
1521,564792.5346504032,-731952.8498986461
1522,569792.5346504032,-731952.8498986461
1523,574792.5346504032,-731952.8498986461
1524,579792.5346504032,-731952.8498986461
1525,584792.5346504032,-731952.8498986461
1526,589792.5346504032,-731952.8498986461
1527,594792.5346504032,-731952.8498986461
1528,599792.5346504032,-731952.8498986461
1529,604792.5346504032,-731952.8498986461
1530,609792.5346504032,-731952.8498986461
1531,614792.5346504032,-731952.8498986461
1532,619792.5346504032,-731952.8498986461
1533,624792.5346504032,-731952.8498986461
1534,629792.5346504032,-731952.8498986461
1535,634792.5346504032,-731952.8498986461
1536,639792.5346504032,-731952.8498986461
1537,644792.5346504032,-731952.8498986461
1538,649792.5346504032,-731952.8498986461
1539,654792.5346504032,-731952.8498986461
1540,659792.5346504032,-731952.8498986461
1541,664792.5346504032,-731952.8498986461
1542,669792.5346504032,-731952.8498986461
1543,674792.5346504032,-731952.8498986461
1544,679792.5346504032,-731952.8498986461
1545,684792.5346504032,-731952.8498986461
1546,689792.5346504032,-731952.8498986461
1547,694792.5346504032,-731952.8498986461
1550,529792.5346504032,-726952.8498986461
1551,534792.5346504032,-726952.8498986461
1552,539792.5346504032,-726952.8498986461
1553,544792.5346504032,-726952.8498986461
1554,549792.5346504032,-726952.8498986461
1555,554792.5346504032,-726952.8498986461
1556,559792.5346504032,-726952.8498986461
1557,564792.5346504032,-726952.8498986461
1558,569792.5346504032,-726952.8498986461
1559,574792.5346504032,-726952.8498986461
1560,579792.5346504032,-726952.8498986461
1561,584792.5346504032,-726952.8498986461
1562,589792.5346504032,-726952.8498986461
1563,594792.5346504032,-726952.8498986461
1564,599792.5346504032,-726952.8498986461
1565,604792.5346504032,-726952.8498986461
1566,609792.5346504032,-726952.8498986461
1567,614792.5346504032,-726952.8498986461
1568,619792.5346504032,-726952.8498986461
1569,624792.5346504032,-726952.8498986461
1570,629792.5346504032,-726952.8498986461
1571,634792.5346504032,-726952.8498986461
1572,639792.5346504032,-726952.8498986461
1573,644792.5346504032,-726952.8498986461
1574,649792.5346504032,-726952.8498986461
1575,654792.5346504032,-726952.8498986461
1576,659792.5346504032,-726952.8498986461
1577,664792.5346504032,-726952.8498986461
1578,669792.5346504032,-726952.8498986461
1579,674792.5346504032,-726952.8498986461
1580,679792.5346504032,-726952.8498986461
1581,684792.5346504032,-726952.8498986461
1582,689792.5346504032,-726952.8498986461
1583,694792.5346504032,-726952.8498986461
1585,529792.5346504032,-721952.8498986461
1586,534792.5346504032,-721952.8498986461
1587,539792.5346504032,-721952.8498986461
1588,544792.5346504032,-721952.8498986461
1589,549792.5346504032,-721952.8498986461
1590,554792.5346504032,-721952.8498986461
1591,559792.5346504032,-721952.8498986461
1592,564792.5346504032,-721952.8498986461
1593,569792.5346504032,-721952.8498986461
1594,574792.5346504032,-721952.8498986461
1595,579792.5346504032,-721952.8498986461
1596,584792.5346504032,-721952.8498986461
1597,589792.5346504032,-721952.8498986461
1598,594792.5346504032,-721952.8498986461
1599,599792.5346504032,-721952.8498986461
1600,604792.5346504032,-721952.8498986461
1601,609792.5346504032,-721952.8498986461
1602,614792.5346504032,-721952.8498986461
1603,619792.5346504032,-721952.8498986461
1604,624792.5346504032,-721952.8498986461
1605,629792.5346504032,-721952.8498986461
1606,634792.5346504032,-721952.8498986461
1607,639792.5346504032,-721952.8498986461
1608,644792.5346504032,-721952.8498986461
1609,649792.5346504032,-721952.8498986461
1610,654792.5346504032,-721952.8498986461
1611,659792.5346504032,-721952.8498986461
1612,664792.5346504032,-721952.8498986461
1613,669792.5346504032,-721952.8498986461
1614,674792.5346504032,-721952.8498986461
1615,679792.5346504032,-721952.8498986461
1616,684792.5346504032,-721952.8498986461
1617,689792.5346504032,-721952.8498986461
1619,529792.5346504032,-716952.8498986461
1620,534792.5346504032,-716952.8498986461
1621,539792.5346504032,-716952.8498986461
1622,544792.5346504032,-716952.8498986461
1623,549792.5346504032,-716952.8498986461
1624,554792.5346504032,-716952.8498986461
1625,559792.5346504032,-716952.8498986461
1626,564792.5346504032,-716952.8498986461
1627,569792.5346504032,-716952.8498986461
1628,574792.5346504032,-716952.8498986461
1629,579792.5346504032,-716952.8498986461
1630,584792.5346504032,-716952.8498986461
1631,589792.5346504032,-716952.8498986461
1632,594792.5346504032,-716952.8498986461
1633,599792.5346504032,-716952.8498986461
1634,604792.5346504032,-716952.8498986461
1635,609792.5346504032,-716952.8498986461
1636,614792.5346504032,-716952.8498986461
1637,619792.5346504032,-716952.8498986461
1638,624792.5346504032,-716952.8498986461
1639,629792.5346504032,-716952.8498986461
1640,634792.5346504032,-716952.8498986461
1641,639792.5346504032,-716952.8498986461
1642,644792.5346504032,-716952.8498986461
1643,649792.5346504032,-716952.8498986461
1644,654792.5346504032,-716952.8498986461
1645,659792.5346504032,-716952.8498986461
1646,664792.5346504032,-716952.8498986461
1647,669792.5346504032,-716952.8498986461
1648,674792.5346504032,-716952.8498986461
1649,679792.5346504032,-716952.8498986461
1650,684792.5346504032,-716952.8498986461
1651,689792.5346504032,-716952.8498986461
1654,534792.5346504032,-711952.8498986461
1655,539792.5346504032,-711952.8498986461
1656,544792.5346504032,-711952.8498986461
1657,549792.5346504032,-711952.8498986461
1658,554792.5346504032,-711952.8498986461
1659,559792.5346504032,-711952.8498986461
1660,564792.5346504032,-711952.8498986461
1661,569792.5346504032,-711952.8498986461
1662,574792.5346504032,-711952.8498986461
1663,579792.5346504032,-711952.8498986461
1664,584792.5346504032,-711952.8498986461
1665,589792.5346504032,-711952.8498986461
1666,594792.5346504032,-711952.8498986461
1667,599792.5346504032,-711952.8498986461
1668,604792.5346504032,-711952.8498986461
1669,609792.5346504032,-711952.8498986461
1670,614792.5346504032,-711952.8498986461
1671,619792.5346504032,-711952.8498986461
1672,624792.5346504032,-711952.8498986461
1673,629792.5346504032,-711952.8498986461
1674,634792.5346504032,-711952.8498986461
1675,639792.5346504032,-711952.8498986461
1676,644792.5346504032,-711952.8498986461
1677,649792.5346504032,-711952.8498986461
1678,654792.5346504032,-711952.8498986461
1679,659792.5346504032,-711952.8498986461
1680,664792.5346504032,-711952.8498986461
1681,669792.5346504032,-711952.8498986461
1682,674792.5346504032,-711952.8498986461
1683,679792.5346504032,-711952.8498986461
1684,684792.5346504032,-711952.8498986461
1685,689792.5346504032,-711952.8498986461
1686,694792.5346504032,-711952.8498986461
1687,534792.5346504032,-706952.8498986461
1688,539792.5346504032,-706952.8498986461
1689,544792.5346504032,-706952.8498986461
1690,549792.5346504032,-706952.8498986461
1691,554792.5346504032,-706952.8498986461
1692,559792.5346504032,-706952.8498986461
1693,564792.5346504032,-706952.8498986461
1694,569792.5346504032,-706952.8498986461
1695,574792.5346504032,-706952.8498986461
1696,579792.5346504032,-706952.8498986461
1697,584792.5346504032,-706952.8498986461
1698,589792.5346504032,-706952.8498986461
1699,594792.5346504032,-706952.8498986461
1700,599792.5346504032,-706952.8498986461
1701,604792.5346504032,-706952.8498986461
1702,609792.5346504032,-706952.8498986461
1703,614792.5346504032,-706952.8498986461
1704,619792.5346504032,-706952.8498986461
1705,624792.5346504032,-706952.8498986461
1706,629792.5346504032,-706952.8498986461
1707,634792.5346504032,-706952.8498986461
1708,639792.5346504032,-706952.8498986461
1709,644792.5346504032,-706952.8498986461
1710,649792.5346504032,-706952.8498986461
1711,654792.5346504032,-706952.8498986461
1712,659792.5346504032,-706952.8498986461
1713,664792.5346504032,-706952.8498986461
1714,669792.5346504032,-706952.8498986461
1720,539792.5346504032,-701952.8498986461
1721,544792.5346504032,-701952.8498986461
1722,549792.5346504032,-701952.8498986461
1723,554792.5346504032,-701952.8498986461
1724,559792.5346504032,-701952.8498986461
1725,564792.5346504032,-701952.8498986461
1726,569792.5346504032,-701952.8498986461
1727,574792.5346504032,-701952.8498986461
1728,579792.5346504032,-701952.8498986461
1729,584792.5346504032,-701952.8498986461
1730,589792.5346504032,-701952.8498986461
1731,594792.5346504032,-701952.8498986461
1732,599792.5346504032,-701952.8498986461
1733,604792.5346504032,-701952.8498986461
1734,609792.5346504032,-701952.8498986461
1735,614792.5346504032,-701952.8498986461
1736,619792.5346504032,-701952.8498986461
1737,624792.5346504032,-701952.8498986461
1738,629792.5346504032,-701952.8498986461
1739,634792.5346504032,-701952.8498986461
1740,639792.5346504032,-701952.8498986461
1741,644792.5346504032,-701952.8498986461
1742,649792.5346504032,-701952.8498986461
1743,654792.5346504032,-701952.8498986461
1744,659792.5346504032,-701952.8498986461
1748,539792.5346504032,-696952.8498986461
1749,544792.5346504032,-696952.8498986461
1750,549792.5346504032,-696952.8498986461
1751,554792.5346504032,-696952.8498986461
1752,559792.5346504032,-696952.8498986461
1753,564792.5346504032,-696952.8498986461
1754,569792.5346504032,-696952.8498986461
1755,574792.5346504032,-696952.8498986461
1756,579792.5346504032,-696952.8498986461
1757,584792.5346504032,-696952.8498986461
1758,589792.5346504032,-696952.8498986461
1759,594792.5346504032,-696952.8498986461
1760,599792.5346504032,-696952.8498986461
1761,604792.5346504032,-696952.8498986461
1762,609792.5346504032,-696952.8498986461
1763,614792.5346504032,-696952.8498986461
1764,619792.5346504032,-696952.8498986461
1765,624792.5346504032,-696952.8498986461
1766,629792.5346504032,-696952.8498986461
1767,634792.5346504032,-696952.8498986461
1768,639792.5346504032,-696952.8498986461
1769,644792.5346504032,-696952.8498986461
1770,649792.5346504032,-696952.8498986461
1771,654792.5346504032,-696952.8498986461
1773,539792.5346504032,-691952.8498986461
1774,544792.5346504032,-691952.8498986461
1775,549792.5346504032,-691952.8498986461
1776,554792.5346504032,-691952.8498986461
1777,559792.5346504032,-691952.8498986461
1778,564792.5346504032,-691952.8498986461
1779,569792.5346504032,-691952.8498986461
1780,574792.5346504032,-691952.8498986461
1781,579792.5346504032,-691952.8498986461
1782,584792.5346504032,-691952.8498986461
1783,589792.5346504032,-691952.8498986461
1784,594792.5346504032,-691952.8498986461
1785,599792.5346504032,-691952.8498986461
1786,604792.5346504032,-691952.8498986461
1787,609792.5346504032,-691952.8498986461
1788,614792.5346504032,-691952.8498986461
1789,619792.5346504032,-691952.8498986461
1790,624792.5346504032,-691952.8498986461
1791,629792.5346504032,-691952.8498986461
1792,634792.5346504032,-691952.8498986461
1793,639792.5346504032,-691952.8498986461
1794,644792.5346504032,-691952.8498986461
1797,544792.5346504032,-686952.8498986461
1798,549792.5346504032,-686952.8498986461
1799,554792.5346504032,-686952.8498986461
1800,559792.5346504032,-686952.8498986461
1801,564792.5346504032,-686952.8498986461
1802,569792.5346504032,-686952.8498986461
1803,574792.5346504032,-686952.8498986461
1804,579792.5346504032,-686952.8498986461
1805,584792.5346504032,-686952.8498986461
1806,589792.5346504032,-686952.8498986461
1807,594792.5346504032,-686952.8498986461
1808,599792.5346504032,-686952.8498986461
1809,604792.5346504032,-686952.8498986461
1810,609792.5346504032,-686952.8498986461
1811,614792.5346504032,-686952.8498986461
1812,619792.5346504032,-686952.8498986461
1813,624792.5346504032,-686952.8498986461
1814,629792.5346504032,-686952.8498986461
1815,634792.5346504032,-686952.8498986461
1818,544792.5346504032,-681952.8498986461
1819,549792.5346504032,-681952.8498986461
1820,554792.5346504032,-681952.8498986461
1821,559792.5346504032,-681952.8498986461
1822,564792.5346504032,-681952.8498986461
1823,569792.5346504032,-681952.8498986461
1824,574792.5346504032,-681952.8498986461
1825,579792.5346504032,-681952.8498986461
1826,584792.5346504032,-681952.8498986461
1827,589792.5346504032,-681952.8498986461
1828,594792.5346504032,-681952.8498986461
1829,599792.5346504032,-681952.8498986461
1830,604792.5346504032,-681952.8498986461
1831,609792.5346504032,-681952.8498986461
1832,614792.5346504032,-681952.8498986461
1833,619792.5346504032,-681952.8498986461
1834,624792.5346504032,-681952.8498986461
1835,629792.5346504032,-681952.8498986461
1836,634792.5346504032,-681952.8498986461
1839,549792.5346504032,-676952.8498986461
1840,554792.5346504032,-676952.8498986461
1841,559792.5346504032,-676952.8498986461
1842,564792.5346504032,-676952.8498986461
1843,569792.5346504032,-676952.8498986461
1844,574792.5346504032,-676952.8498986461
1845,579792.5346504032,-676952.8498986461
1846,584792.5346504032,-676952.8498986461
1847,589792.5346504032,-676952.8498986461
1848,594792.5346504032,-676952.8498986461
1849,599792.5346504032,-676952.8498986461
1850,604792.5346504032,-676952.8498986461
1851,609792.5346504032,-676952.8498986461
1852,614792.5346504032,-676952.8498986461
1853,619792.5346504032,-676952.8498986461
1854,624792.5346504032,-676952.8498986461
1855,629792.5346504032,-676952.8498986461
1856,634792.5346504032,-676952.8498986461
1859,549792.5346504032,-671952.8498986461
1860,554792.5346504032,-671952.8498986461
1861,559792.5346504032,-671952.8498986461
1862,564792.5346504032,-671952.8498986461
1863,569792.5346504032,-671952.8498986461
1864,574792.5346504032,-671952.8498986461
1865,579792.5346504032,-671952.8498986461
1866,584792.5346504032,-671952.8498986461
1867,589792.5346504032,-671952.8498986461
1868,594792.5346504032,-671952.8498986461
1869,599792.5346504032,-671952.8498986461
1870,604792.5346504032,-671952.8498986461
1871,609792.5346504032,-671952.8498986461
1872,614792.5346504032,-671952.8498986461
1873,619792.5346504032,-671952.8498986461
1874,624792.5346504032,-671952.8498986461
1878,554792.5346504032,-666952.8498986461
1879,559792.5346504032,-666952.8498986461
1880,564792.5346504032,-666952.8498986461
1881,569792.5346504032,-666952.8498986461
1882,574792.5346504032,-666952.8498986461
1883,579792.5346504032,-666952.8498986461
1884,584792.5346504032,-666952.8498986461
1885,589792.5346504032,-666952.8498986461
1886,594792.5346504032,-666952.8498986461
1887,599792.5346504032,-666952.8498986461
1888,604792.5346504032,-666952.8498986461
1889,609792.5346504032,-666952.8498986461
1890,614792.5346504032,-666952.8498986461
1894,554792.5346504032,-661952.8498986461
1895,559792.5346504032,-661952.8498986461
1896,564792.5346504032,-661952.8498986461
1897,569792.5346504032,-661952.8498986461
1898,574792.5346504032,-661952.8498986461
1899,579792.5346504032,-661952.8498986461
1900,584792.5346504032,-661952.8498986461
1901,589792.5346504032,-661952.8498986461
1902,594792.5346504032,-661952.8498986461
1903,599792.5346504032,-661952.8498986461
1904,604792.5346504032,-661952.8498986461
1905,609792.5346504032,-661952.8498986461
1906,554792.5346504032,-656952.8498986461
1907,559792.5346504032,-656952.8498986461
1908,564792.5346504032,-656952.8498986461
1909,569792.5346504032,-656952.8498986461
1910,574792.5346504032,-656952.8498986461
1911,579792.5346504032,-656952.8498986461
1912,584792.5346504032,-656952.8498986461
1913,589792.5346504032,-656952.8498986461
1914,594792.5346504032,-656952.8498986461
1915,599792.5346504032,-656952.8498986461
1916,604792.5346504032,-656952.8498986461
1917,609792.5346504032,-656952.8498986461
1920,559792.5346504032,-651952.8498986461
1921,564792.5346504032,-651952.8498986461
1922,569792.5346504032,-651952.8498986461
1923,574792.5346504032,-651952.8498986461
1924,579792.5346504032,-651952.8498986461
1925,584792.5346504032,-651952.8498986461
1926,589792.5346504032,-651952.8498986461
1927,594792.5346504032,-651952.8498986461
1928,599792.5346504032,-651952.8498986461
1929,604792.5346504032,-651952.8498986461
1930,609792.5346504032,-651952.8498986461
1933,559792.5346504032,-646952.8498986461
1934,564792.5346504032,-646952.8498986461
1935,569792.5346504032,-646952.8498986461
1936,574792.5346504032,-646952.8498986461
1937,579792.5346504032,-646952.8498986461
1938,584792.5346504032,-646952.8498986461
1939,589792.5346504032,-646952.8498986461
1940,594792.5346504032,-646952.8498986461
1941,599792.5346504032,-646952.8498986461
1942,604792.5346504032,-646952.8498986461
1943,609792.5346504032,-646952.8498986461
1945,559792.5346504032,-641952.8498986461
1946,564792.5346504032,-641952.8498986461
1947,569792.5346504032,-641952.8498986461
1948,574792.5346504032,-641952.8498986461
1949,579792.5346504032,-641952.8498986461
1950,584792.5346504032,-641952.8498986461
1951,589792.5346504032,-641952.8498986461
1952,594792.5346504032,-641952.8498986461
1953,599792.5346504032,-641952.8498986461
1954,604792.5346504032,-641952.8498986461
1955,609792.5346504032,-641952.8498986461
1957,559792.5346504032,-636952.8498986461
1958,564792.5346504032,-636952.8498986461
1959,569792.5346504032,-636952.8498986461
1960,574792.5346504032,-636952.8498986461
1961,579792.5346504032,-636952.8498986461
1962,584792.5346504032,-636952.8498986461
1963,589792.5346504032,-636952.8498986461
1964,594792.5346504032,-636952.8498986461
1965,599792.5346504032,-636952.8498986461
1966,604792.5346504032,-636952.8498986461
1967,609792.5346504032,-636952.8498986461
1968,614792.5346504032,-636952.8498986461
1969,619792.5346504032,-636952.8498986461
1970,559792.5346504032,-631952.8498986461
1971,564792.5346504032,-631952.8498986461
1972,569792.5346504032,-631952.8498986461
1973,574792.5346504032,-631952.8498986461
1974,579792.5346504032,-631952.8498986461
1975,584792.5346504032,-631952.8498986461
1976,589792.5346504032,-631952.8498986461
1977,594792.5346504032,-631952.8498986461
1978,599792.5346504032,-631952.8498986461
1979,604792.5346504032,-631952.8498986461
1980,609792.5346504032,-631952.8498986461
1981,614792.5346504032,-631952.8498986461
1984,564792.5346504032,-626952.8498986461
1985,569792.5346504032,-626952.8498986461
1986,574792.5346504032,-626952.8498986461
1987,579792.5346504032,-626952.8498986461
1988,584792.5346504032,-626952.8498986461
1989,589792.5346504032,-626952.8498986461
1990,594792.5346504032,-626952.8498986461
1991,599792.5346504032,-626952.8498986461
1992,604792.5346504032,-626952.8498986461
1993,609792.5346504032,-626952.8498986461
1994,614792.5346504032,-626952.8498986461
1996,564792.5346504032,-621952.8498986461
1997,569792.5346504032,-621952.8498986461
1998,574792.5346504032,-621952.8498986461
1999,579792.5346504032,-621952.8498986461
2000,584792.5346504032,-621952.8498986461
2001,589792.5346504032,-621952.8498986461
2002,594792.5346504032,-621952.8498986461
2003,599792.5346504032,-621952.8498986461
2004,604792.5346504032,-621952.8498986461
2005,609792.5346504032,-621952.8498986461
2008,564792.5346504032,-616952.8498986461
2009,569792.5346504032,-616952.8498986461
2010,574792.5346504032,-616952.8498986461
2011,579792.5346504032,-616952.8498986461
2012,584792.5346504032,-616952.8498986461
2013,589792.5346504032,-616952.8498986461
2014,594792.5346504032,-616952.8498986461
2015,599792.5346504032,-616952.8498986461
2016,604792.5346504032,-616952.8498986461
2017,609792.5346504032,-616952.8498986461
2020,569792.5346504032,-611952.8498986461
2021,574792.5346504032,-611952.8498986461
2022,579792.5346504032,-611952.8498986461
2023,584792.5346504032,-611952.8498986461
2024,589792.5346504032,-611952.8498986461
2025,594792.5346504032,-611952.8498986461
2026,599792.5346504032,-611952.8498986461
2027,604792.5346504032,-611952.8498986461
2030,574792.5346504032,-606952.8498986461
2031,579792.5346504032,-606952.8498986461
2032,584792.5346504032,-606952.8498986461
2033,589792.5346504032,-606952.8498986461
2034,594792.5346504032,-606952.8498986461
2035,599792.5346504032,-606952.8498986461
2040,594792.5346504032,-601952.8498986461
2041,599792.5346504032,-601952.8498986461
